,precision,recall,f1-score,support
0,0.999176276771005,1.0,0.99958796868562,1213.0
1,1.0,0.9975728155339806,0.9987849331713243,412.0
accuracy,0.9993846153846154,0.9993846153846154,0.9993846153846154,0.9993846153846154
macro avg,0.9995881383855025,0.9987864077669903,0.9991864509284722,1625.0
weighted avg,0.9993851222912178,0.9993846153846154,0.9993843682967647,1625.0
